{"cameraMode":{"drawMode":0,"name":"Shaded","section":"Shading Mode"},"sceneLighting":true,"audioPlay":false,"sceneViewState":{"showFog":true,"showMaterialUpdate":false,"showSkybox":true,"showFlares":true,"showImageEffects":true,"showParticleSystems":true},"in2DMode":false,"pivot":{"x":52.223533630371097,"y":51.28427505493164,"z":0.16635578870773316},"rotation":{"x":-0.11404436081647873,"y":0.016984451562166215,"z":-0.0019507063552737237,"w":-0.9933285713195801},"size":149.56678771972657,"orthographic":false}