{"cameraMode":{"drawMode":0,"name":"Shaded","section":"Shading Mode"},"sceneLighting":true,"audioPlay":false,"sceneViewState":{"showFog":true,"showMaterialUpdate":false,"showSkybox":true,"showFlares":true,"showImageEffects":true,"showParticleSystems":true},"in2DMode":false,"pivot":{"x":-0.1488148272037506,"y":6.493813991546631,"z":-9.755327224731446},"rotation":{"x":-0.19783546030521394,"y":0.02410801500082016,"z":-0.004867184441536665,"w":-0.9799266457557678},"size":33.750999450683597,"orthographic":false}